year,credit_to_gdp
1995,22.51
1996,23.4
1997,23.56
1998,23.68
1999,25.42
2000,28.34
2001,28.62
2002,32.31
2003,31.63
2004,36.19
2005,40.07
2006,43.63
2007,45.63
2008,49.56
2009,48.12
2010,50.56
2011,51.29
2012,51.89
2013,52.39
2014,51.88
2015,51.87
2016,38.2
2017,38.17
2018,38.9
2019,38.74
2020,40.79
2021,36.89
2022,37.09
2023,39.35
2024,40.02
