year,home_npa,auto_npa,personal_npa,creditcard_npa,education_npa
2015,1.8,2.1,1.5,3.2,5.8
2016,1.9,2.3,1.8,3.5,6.5
2017,2.0,2.5,2.0,4.0,7.2
2018,2.2,2.8,2.3,4.5,7.8
2019,2.1,2.6,2.1,4.2,7.5
2020,2.5,3.2,3.0,5.8,8.2
2021,2.8,3.8,3.5,6.5,8.8
2022,2.4,3.0,2.8,5.2,8.0
2023,1.9,2.2,1.8,3.8,7.2
2024,1.6,1.9,1.5,3.2,6.8
